Product_Name,Total_Profit
SOLE E35 Elliptical,1999.989990234375
Dell Laptop,1500
SOLE E25 Elliptical,999.989990234375
Bowflex SelectTech 1090 Dumbbells,599.989990234375
Bushnell Pro X7 Jolt Slope Rangefinder,599.989990234375
Lawn mower,532.5800170898438
Porcelain crafts,461.4800109863281
Web Camera,452.0400085449219
Garmin Forerunner 910XT GPS Watch,399.989990234375
GoPro HERO3+ Black Edition Camera,399.989990234375
