Category_Name,Total_Profit
Strength Training,2588.97998046875
Kids' Golf Clubs,1998.849967956543
Basketball,1599.969970703125
Computers,1500
Golf Gloves,884.9300003051758
Fitness Accessories,634.9799919128418
Water Sports,549.9799957275391
Garden,532.5800170898438
Men's Golf Clubs,474.9600067138672
Crafts,461.4800109863281
